skill,skill_name
big data,big data
information,information
data natives,data natives
r,r
ai  law,ai  law
machine learning,machine learning
media,media
analytics,analytics
hadoop,Hadoop
id nosql,NOSQL
machine learning and,machine learning
python,Python
data engineer,data engineering
essential  of a,NA
reasons why people not robots are key to,NA
sql,SQL
analytics data mining,data mining
data analysis,analysis
data analyst,analysis
datascientist isnt being  inventive,creativity
government,government
hadoop and a   in big data,Hadoop
policy,policy
search,NA
tools to protect big data,NA
analytics,analytics
androieveloper nanodegree  nd,NA
beginning ruby  nd,Ruby
big data analytics,big data
big data is quietly fighting diseases and illnesses,NA
business analyst,analysis
business analytics,analysis
cloud,cloud
cs,NA
data analyst nanodegree  nd,NA
data architect,NA
data centers,NA
data management for  analytics and  from sas and horton,analytics
deep learning,NA
devops,devops
fintech,fintech
galaxql,galaxql
identity and access management for hadoop cornerstone for big data security,Hadoop
internet of s,NA
introduction to matlab january iap,MATLAB
ios developer nanodegree  nd,IOS
iot,NA
is it necessary to learn c  java if i want to be a,Java
jobs,NA
land top big data jobs,NA
leverage big data,big data
machine learning engineer nanodegree  nd,machine learning
manufacturing,manufacturing
maymin  analytics,analytics
mobile,mobile development
network,network
online big data s,big data
pattern discovery,pattern discovery
print,NA
r python,Python
retail,retail
rss simple,RSS
sas text analytics,SAS
security and risk strategy,security and risk strategy
senior web developer  nd,web development
smoke signals coming from  hadoop cluster,Hadoop
software,NA
sql nosql,SQL
stack overdeveloper survey results,NA
storage,storage
tableau,tableau
tech entrepreneur nanodegree  nd,entrepreneurship
to realize analytics value faster,NA
what   a  machine learning scientist to  in order to work in  industry,machine learning
what are most common reasons why mediocre s dont  better s,NA
what are most valuable  while learning,NA
what is currently most ketablevaluable skill to learn,NA
what is most valuable data,NA
what is most valuable skill a chef should learn,NA
what should one learn to be a,NA
