Base query,skill_name,google_url,hit count
data science skills,big data,https://www.google.com/?gws_rd=ssl#q=data+science+skills,36
data science skills,information,https://www.google.com/?gws_rd=ssl#q=data+science+skills,9
data science skills,data natives,https://www.google.com/?gws_rd=ssl#q=data+science+skills,8
data science skills,r,https://www.google.com/?gws_rd=ssl#q=data+science+skills,7
data science skills,ai  law,https://www.google.com/?gws_rd=ssl#q=data+science+skills,7
data science skills,machine learning,https://www.google.com/?gws_rd=ssl#q=data+science+skills,6
data science skills,media,https://www.google.com/?gws_rd=ssl#q=data+science+skills,6
data science skills,analytics,https://www.google.com/?gws_rd=ssl#q=data+science+skills,5
data science skills,hadoop,https://www.google.com/?gws_rd=ssl#q=data+science+skills,5
data science skills,id nosql,https://www.google.com/?gws_rd=ssl#q=data+science+skills,5
data science skills,machine learning and,https://www.google.com/?gws_rd=ssl#q=data+science+skills,5
data science skills,python,https://www.google.com/?gws_rd=ssl#q=data+science+skills,5
data science skills,data engineer,https://www.google.com/?gws_rd=ssl#q=data+science+skills,4
data science skills,essential  of a,https://www.google.com/?gws_rd=ssl#q=data+science+skills,4
data science skills,reasons why people not robots are key to,https://www.google.com/?gws_rd=ssl#q=data+science+skills,4
data science skills,sql,https://www.google.com/?gws_rd=ssl#q=data+science+skills,4
data science skills,analytics data mining,https://www.google.com/?gws_rd=ssl#q=data+science+skills,3
data science skills,data analysis,https://www.google.com/?gws_rd=ssl#q=data+science+skills,3
data science skills,data analyst,https://www.google.com/?gws_rd=ssl#q=data+science+skills,3
data science skills,datascientist isnt being  inventive,https://www.google.com/?gws_rd=ssl#q=data+science+skills,3
data science skills,government,https://www.google.com/?gws_rd=ssl#q=data+science+skills,3
data science skills,hadoop and a   in big data,https://www.google.com/?gws_rd=ssl#q=data+science+skills,3
data science skills,policy,https://www.google.com/?gws_rd=ssl#q=data+science+skills,3
data science skills,search,https://www.google.com/?gws_rd=ssl#q=data+science+skills,3
data science skills,tools to protect big data,https://www.google.com/?gws_rd=ssl#q=data+science+skills,3
data science skills,analytics,https://www.google.com/?gws_rd=ssl#q=data+science+skills,2
data science skills,androieveloper nanodegree  nd,https://www.google.com/?gws_rd=ssl#q=data+science+skills,2
data science skills,beginning ruby  nd,https://www.google.com/?gws_rd=ssl#q=data+science+skills,2
data science skills,big data analytics,https://www.google.com/?gws_rd=ssl#q=data+science+skills,2
data science skills,big data is quietly fighting diseases and illnesses,https://www.google.com/?gws_rd=ssl#q=data+science+skills,2
data science skills,business analyst,https://www.google.com/?gws_rd=ssl#q=data+science+skills,2
data science skills,business analytics,https://www.google.com/?gws_rd=ssl#q=data+science+skills,2
data science skills,cloud,https://www.google.com/?gws_rd=ssl#q=data+science+skills,2
data science skills,cs,https://www.google.com/?gws_rd=ssl#q=data+science+skills,2
data science skills,data analyst nanodegree  nd,https://www.google.com/?gws_rd=ssl#q=data+science+skills,2
data science skills,data architect,https://www.google.com/?gws_rd=ssl#q=data+science+skills,2
data science skills,data centers,https://www.google.com/?gws_rd=ssl#q=data+science+skills,2
data science skills,data management for  analytics and  from sas and horton,https://www.google.com/?gws_rd=ssl#q=data+science+skills,2
data science skills,deep learning,https://www.google.com/?gws_rd=ssl#q=data+science+skills,2
data science skills,devops,https://www.google.com/?gws_rd=ssl#q=data+science+skills,2
data science skills,fintech,https://www.google.com/?gws_rd=ssl#q=data+science+skills,2
data science skills,galaxql,https://www.google.com/?gws_rd=ssl#q=data+science+skills,2
data science skills,identity and access management for hadoop cornerstone for big data security,https://www.google.com/?gws_rd=ssl#q=data+science+skills,2
data science skills,internet of s,https://www.google.com/?gws_rd=ssl#q=data+science+skills,2
data science skills,introduction to matlab january iap,https://www.google.com/?gws_rd=ssl#q=data+science+skills,2
data science skills,ios developer nanodegree  nd,https://www.google.com/?gws_rd=ssl#q=data+science+skills,2
data science skills,iot,https://www.google.com/?gws_rd=ssl#q=data+science+skills,2
data science skills,is it necessary to learn c  java if i want to be a,https://www.google.com/?gws_rd=ssl#q=data+science+skills,2
data science skills,jobs,https://www.google.com/?gws_rd=ssl#q=data+science+skills,2
data science skills,land top big data jobs,https://www.google.com/?gws_rd=ssl#q=data+science+skills,2
data science skills,leverage big data,https://www.google.com/?gws_rd=ssl#q=data+science+skills,2
data science skills,machine learning engineer nanodegree  nd,https://www.google.com/?gws_rd=ssl#q=data+science+skills,2
data science skills,manufacturing,https://www.google.com/?gws_rd=ssl#q=data+science+skills,2
data science skills,maymin  analytics,https://www.google.com/?gws_rd=ssl#q=data+science+skills,2
data science skills,mobile,https://www.google.com/?gws_rd=ssl#q=data+science+skills,2
data science skills,network,https://www.google.com/?gws_rd=ssl#q=data+science+skills,2
data science skills,online big data s,https://www.google.com/?gws_rd=ssl#q=data+science+skills,2
data science skills,pattern discovery,https://www.google.com/?gws_rd=ssl#q=data+science+skills,2
data science skills,print,https://www.google.com/?gws_rd=ssl#q=data+science+skills,2
data science skills,r python,https://www.google.com/?gws_rd=ssl#q=data+science+skills,2
data science skills,retail,https://www.google.com/?gws_rd=ssl#q=data+science+skills,2
data science skills,rss simple,https://www.google.com/?gws_rd=ssl#q=data+science+skills,2
data science skills,sas text analytics,https://www.google.com/?gws_rd=ssl#q=data+science+skills,2
data science skills,security and risk strategy,https://www.google.com/?gws_rd=ssl#q=data+science+skills,2
data science skills,senior web developer  nd,https://www.google.com/?gws_rd=ssl#q=data+science+skills,2
data science skills,smoke signals coming from  hadoop cluster,https://www.google.com/?gws_rd=ssl#q=data+science+skills,2
data science skills,software,https://www.google.com/?gws_rd=ssl#q=data+science+skills,2
data science skills,sql nosql,https://www.google.com/?gws_rd=ssl#q=data+science+skills,2
data science skills,stack overdeveloper survey results,https://www.google.com/?gws_rd=ssl#q=data+science+skills,2
data science skills,storage,https://www.google.com/?gws_rd=ssl#q=data+science+skills,2
data science skills,tableau,https://www.google.com/?gws_rd=ssl#q=data+science+skills,2
data science skills,tech entrepreneur nanodegree  nd,https://www.google.com/?gws_rd=ssl#q=data+science+skills,2
data science skills,to realize analytics value faster,https://www.google.com/?gws_rd=ssl#q=data+science+skills,2
data science skills,what   a  machine learning scientist to  in order to work in  industry,https://www.google.com/?gws_rd=ssl#q=data+science+skills,2
data science skills,what are most common reasons why mediocre s dont  better s,https://www.google.com/?gws_rd=ssl#q=data+science+skills,2
data science skills,what are most valuable  while learning,https://www.google.com/?gws_rd=ssl#q=data+science+skills,2
data science skills,what is currently most ketablevaluable skill to learn,https://www.google.com/?gws_rd=ssl#q=data+science+skills,2
data science skills,what is most valuable data,https://www.google.com/?gws_rd=ssl#q=data+science+skills,2
data science skills,what is most valuable skill a chef should learn,https://www.google.com/?gws_rd=ssl#q=data+science+skills,2
data science skills,what should one learn to be a,https://www.google.com/?gws_rd=ssl#q=data+science+skills,2
data science skills,moocs,https://www.google.com/?gws_rd=ssl#q=data+science+skills,1
data science skills,a better way to learn applied statistics got zat,https://www.google.com/?gws_rd=ssl#q=data+science+skills,1
data science skills,a practical intro to,https://www.google.com/?gws_rd=ssl#q=data+science+skills,1
data science skills,a soap and bond james bond,https://www.google.com/?gws_rd=ssl#q=data+science+skills,1
data science skills,a taxonomy of,https://www.google.com/?gws_rd=ssl#q=data+science+skills,1
data science skills,adtmagcom developermers architects dbas,https://www.google.com/?gws_rd=ssl#q=data+science+skills,1
data science skills,agile architect,https://www.google.com/?gws_rd=ssl#q=data+science+skills,1
data science skills,algorithms,https://www.google.com/?gws_rd=ssl#q=data+science+skills,1
data science skills,analysis of algorithms,https://www.google.com/?gws_rd=ssl#q=data+science+skills,1
data science skills,analyst,https://www.google.com/?gws_rd=ssl#q=data+science+skills,1
data science skills,analytics  internet of s,https://www.google.com/?gws_rd=ssl#q=data+science+skills,1
data science skills,analytics announces advancements anaconda,https://www.google.com/?gws_rd=ssl#q=data+science+skills,1
data science skills,analytics,https://www.google.com/?gws_rd=ssl#q=data+science+skills,1
data science skills,anchors trust data analytics,https://www.google.com/?gws_rd=ssl#q=data+science+skills,1
data science skills,android,https://www.google.com/?gws_rd=ssl#q=data+science+skills,1
data science skills,ios developer,https://www.google.com/?gws_rd=ssl#q=data+science+skills,1
data science skills,apache   real use cases,https://www.google.com/?gws_rd=ssl#q=data+science+skills,1
data science skills,application security,https://www.google.com/?gws_rd=ssl#q=data+science+skills,1
data science skills,applications,https://www.google.com/?gws_rd=ssl#q=data+science+skills,1
data science skills,applied statistics,https://www.google.com/?gws_rd=ssl#q=data+science+skills,1
data science skills,area,https://www.google.com/?gws_rd=ssl#q=data+science+skills,1
data science skills,no p values,https://www.google.com/?gws_rd=ssl#q=data+science+skills,1
data science skills,attacks breaches,https://www.google.com/?gws_rd=ssl#q=data+science+skills,1
data science skills,attribution,https://www.google.com/?gws_rd=ssl#q=data+science+skills,1
data science skills,autodidacticism,https://www.google.com/?gws_rd=ssl#q=data+science+skills,1
data science skills,bayesian statistics,https://www.google.com/?gws_rd=ssl#q=data+science+skills,1
data science skills,big data,https://www.google.com/?gws_rd=ssl#q=data+science+skills,1
data science skills,big data  shortage,https://www.google.com/?gws_rd=ssl#q=data+science+skills,1
data science skills,big data analytics industrial process,https://www.google.com/?gws_rd=ssl#q=data+science+skills,1
data science skills,big data conference ny,https://www.google.com/?gws_rd=ssl#q=data+science+skills,1
data science skills,big data news network,https://www.google.com/?gws_rd=ssl#q=data+science+skills,1
data science skills,big data problems,https://www.google.com/?gws_rd=ssl#q=data+science+skills,1
data science skills,big data reveals big gender inequality,https://www.google.com/?gws_rd=ssl#q=data+science+skills,1
data science skills,big data x,https://www.google.com/?gws_rd=ssl#q=data+science+skills,1
data science skills,biology,https://www.google.com/?gws_rd=ssl#q=data+science+skills,1
data science skills,biosciences,https://www.google.com/?gws_rd=ssl#q=data+science+skills,1
data science skills,biotech,https://www.google.com/?gws_rd=ssl#q=data+science+skills,1
data science skills,brocade,https://www.google.com/?gws_rd=ssl#q=data+science+skills,1
data science skills,business,https://www.google.com/?gws_rd=ssl#q=data+science+skills,1
data science skills,business intelligence,https://www.google.com/?gws_rd=ssl#q=data+science+skills,1
data science skills,business intelligence and analytics,https://www.google.com/?gws_rd=ssl#q=data+science+skills,1
data science skills,business problems,https://www.google.com/?gws_rd=ssl#q=data+science+skills,1
data science skills,ca technologies,https://www.google.com/?gws_rd=ssl#q=data+science+skills,1
data science skills,ca technologies  consuming managing apis x,https://www.google.com/?gws_rd=ssl#q=data+science+skills,1
data science skills,cambridge semantics launches anzo graph query engine st data manager products,https://www.google.com/?gws_rd=ssl#q=data+science+skills,1
data science skills,can a complex number be prime,https://www.google.com/?gws_rd=ssl#q=data+science+skills,1
data science skills,can i discourage camping while still supporting a sniper style of play,https://www.google.com/?gws_rd=ssl#q=data+science+skills,1
data science skills,can someone is horrible at kaggle contests still do well as a,https://www.google.com/?gws_rd=ssl#q=data+science+skills,1
data science skills,catalog api,https://www.google.com/?gws_rd=ssl#q=data+science+skills,1
data science skills,chance,https://www.google.com/?gws_rd=ssl#q=data+science+skills,1
data science skills,changing column names of a data frame in r,https://www.google.com/?gws_rd=ssl#q=data+science+skills,1
data science skills,charting libraries for web developers,https://www.google.com/?gws_rd=ssl#q=data+science+skills,1
data science skills,chemistry,https://www.google.com/?gws_rd=ssl#q=data+science+skills,1
data science skills,christianity,https://www.google.com/?gws_rd=ssl#q=data+science+skills,1
data science skills,classical statistics,https://www.google.com/?gws_rd=ssl#q=data+science+skills,1
data science skills,cleo ceo cto discuss big data deployment strategy annual symposium,https://www.google.com/?gws_rd=ssl#q=data+science+skills,1
data science skills,closed,https://www.google.com/?gws_rd=ssl#q=data+science+skills,1
data science skills,cloud computing,https://www.google.com/?gws_rd=ssl#q=data+science+skills,1
data science skills,cloud computing x,https://www.google.com/?gws_rd=ssl#q=data+science+skills,1
data science skills,cloud infrastructure,https://www.google.com/?gws_rd=ssl#q=data+science+skills,1
data science skills,cloud security,https://www.google.com/?gws_rd=ssl#q=data+science+skills,1
data science skills,cloud storage,https://www.google.com/?gws_rd=ssl#q=data+science+skills,1
data science skills,cloudera,https://www.google.com/?gws_rd=ssl#q=data+science+skills,1
data science skills,commandments of business intelligence in big data,https://www.google.com/?gws_rd=ssl#q=data+science+skills,1
data science skills,common is it for s to do most of their work as lance work,https://www.google.com/?gws_rd=ssl#q=data+science+skills,1
data science skills,complex event processing,https://www.google.com/?gws_rd=ssl#q=data+science+skills,1
data science skills,computer and information research scientists,https://www.google.com/?gws_rd=ssl#q=data+science+skills,1
data science skills,content,https://www.google.com/?gws_rd=ssl#q=data+science+skills,1
data science skills,convey computer,https://www.google.com/?gws_rd=ssl#q=data+science+skills,1
data science skills,cooking,https://www.google.com/?gws_rd=ssl#q=data+science+skills,1
data science skills,couchbase,https://www.google.com/?gws_rd=ssl#q=data+science+skills,1
data science skills,couchbase secures  m funding,https://www.google.com/?gws_rd=ssl#q=data+science+skills,1
data science skills,cray,https://www.google.com/?gws_rd=ssl#q=data+science+skills,1
data science skills,creating  ice,https://www.google.com/?gws_rd=ssl#q=data+science+skills,1
data science skills,cross industry standard process for data mining,https://www.google.com/?gws_rd=ssl#q=data+science+skills,1
data science skills,crowdflower,https://www.google.com/?gws_rd=ssl#q=data+science+skills,1
data science skills,crowdflower png,https://www.google.com/?gws_rd=ssl#q=data+science+skills,1
data science skills,cstheory,https://www.google.com/?gws_rd=ssl#q=data+science+skills,1
data science skills,data analyst  check e,https://www.google.com/?gws_rd=ssl#q=data+science+skills,1
data science skills,data is in   ways analytics will improve,https://www.google.com/?gws_rd=ssl#q=data+science+skills,1
data science skills,data mining,https://www.google.com/?gws_rd=ssl#q=data+science+skills,1
data science skills,data new,https://www.google.com/?gws_rd=ssl#q=data+science+skills,1
data science skills,data politics and unraveling cyber warfare,https://www.google.com/?gws_rd=ssl#q=data+science+skills,1
data science skills,data warehouse ket ripe disruption,https://www.google.com/?gws_rd=ssl#q=data+science+skills,1
data science skills,datacenter dynamics enterprise,https://www.google.com/?gws_rd=ssl#q=data+science+skills,1
data science skills,dataiku continues expansion north american ket,https://www.google.com/?gws_rd=ssl#q=data+science+skills,1
data science skills,datameer cloud introduced,https://www.google.com/?gws_rd=ssl#q=data+science+skills,1
data science skills,datanami,https://www.google.com/?gws_rd=ssl#q=data+science+skills,1
data science skills,datastax,https://www.google.com/?gws_rd=ssl#q=data+science+skills,1
data science skills,datastax survey ss increasing demand cassandra   gap nosql industry,https://www.google.com/?gws_rd=ssl#q=data+science+skills,1
data science skills,datatorrent,https://www.google.com/?gws_rd=ssl#q=data+science+skills,1
data science skills,daveholtz,https://www.google.com/?gws_rd=ssl#q=data+science+skills,1
data science skills,dba,https://www.google.com/?gws_rd=ssl#q=data+science+skills,1
data science skills,ddn,https://www.google.com/?gws_rd=ssl#q=data+science+skills,1
data science skills,ddn introduces newest product gridscaler family,https://www.google.com/?gws_rd=ssl#q=data+science+skills,1
data science skills,deep learning one,https://www.google.com/?gws_rd=ssl#q=data+science+skills,1
data science skills,dell,https://www.google.com/?gws_rd=ssl#q=data+science+skills,1
data science skills,details,https://www.google.com/?gws_rd=ssl#q=data+science+skills,1
data science skills,digital business,https://www.google.com/?gws_rd=ssl#q=data+science+skills,1
data science skills,diy,https://www.google.com/?gws_rd=ssl#q=data+science+skills,1
data science skills,diyotta introduces modern data integration platform service,https://www.google.com/?gws_rd=ssl#q=data+science+skills,1
data science skills,do i get king zora to move,https://www.google.com/?gws_rd=ssl#q=data+science+skills,1
data science skills,drop data frame columns by name,https://www.google.com/?gws_rd=ssl#q=data+science+skills,1
data science skills,drupal,https://www.google.com/?gws_rd=ssl#q=data+science+skills,1
data science skills,ds  survey,https://www.google.com/?gws_rd=ssl#q=data+science+skills,1
data science skills,ds x,https://www.google.com/?gws_rd=ssl#q=data+science+skills,1
data science skills,elearning   analytics big data,https://www.google.com/?gws_rd=ssl#q=data+science+skills,1
data science skills,electronics,https://www.google.com/?gws_rd=ssl#q=data+science+skills,1
data science skills,elite,https://www.google.com/?gws_rd=ssl#q=data+science+skills,1
data science skills,elmhurst college,https://www.google.com/?gws_rd=ssl#q=data+science+skills,1
data science skills,email may  sent twice is there an etiquette convention for this,https://www.google.com/?gws_rd=ssl#q=data+science+skills,1
data science skills,emc,https://www.google.com/?gws_rd=ssl#q=data+science+skills,1
data science skills,employers,https://www.google.com/?gws_rd=ssl#q=data+science+skills,1
data science skills,endpoint security,https://www.google.com/?gws_rd=ssl#q=data+science+skills,1
data science skills,energy,https://www.google.com/?gws_rd=ssl#q=data+science+skills,1
data science skills,english,https://www.google.com/?gws_rd=ssl#q=data+science+skills,1
data science skills,enterprise analytics,https://www.google.com/?gws_rd=ssl#q=data+science+skills,1
data science skills,enterprise applications,https://www.google.com/?gws_rd=ssl#q=data+science+skills,1
data science skills,enterprise communications,https://www.google.com/?gws_rd=ssl#q=data+science+skills,1
data science skills,enterprise it,https://www.google.com/?gws_rd=ssl#q=data+science+skills,1
data science skills,enterprise mobility management,https://www.google.com/?gws_rd=ssl#q=data+science+skills,1
data science skills,enterprise x,https://www.google.com/?gws_rd=ssl#q=data+science+skills,1
data science skills,evolution,https://www.google.com/?gws_rd=ssl#q=data+science+skills,1
data science skills,executive insights and innovation,https://www.google.com/?gws_rd=ssl#q=data+science+skills,1
data science skills,expressionengine,https://www.google.com/?gws_rd=ssl#q=data+science+skills,1
data science skills,fall strata   coverage,https://www.google.com/?gws_rd=ssl#q=data+science+skills,1
data science skills,faq,https://www.google.com/?gws_rd=ssl#q=data+science+skills,1
data science skills,feed,https://www.google.com/?gws_rd=ssl#q=data+science+skills,1
data science skills,finance,https://www.google.com/?gws_rd=ssl#q=data+science+skills,1
data science skills,financial services,https://www.google.com/?gws_rd=ssl#q=data+science+skills,1
data science skills,for  s,https://www.google.com/?gws_rd=ssl#q=data+science+skills,1
data science skills,frame,https://www.google.com/?gws_rd=ssl#q=data+science+skills,1
data science skills,fujitsu,https://www.google.com/?gws_rd=ssl#q=data+science+skills,1
data science skills,fusion io,https://www.google.com/?gws_rd=ssl#q=data+science+skills,1
data science skills,game,https://www.google.com/?gws_rd=ssl#q=data+science+skills,1
data science skills,game and app developers,https://www.google.com/?gws_rd=ssl#q=data+science+skills,1
data science skills,gamedev,https://www.google.com/?gws_rd=ssl#q=data+science+skills,1
data science skills,gaming,https://www.google.com/?gws_rd=ssl#q=data+science+skills,1
data science skills,gaming and hospitality,https://www.google.com/?gws_rd=ssl#q=data+science+skills,1
data science skills,gis,https://www.google.com/?gws_rd=ssl#q=data+science+skills,1
data science skills,github and udacity together again,https://www.google.com/?gws_rd=ssl#q=data+science+skills,1
data science skills,google driverless car,https://www.google.com/?gws_rd=ssl#q=data+science+skills,1
data science skills,google releases cloud processor for hadoop,https://www.google.com/?gws_rd=ssl#q=data+science+skills,1
data science skills,gps,https://www.google.com/?gws_rd=ssl#q=data+science+skills,1
data science skills,graphicdesign,https://www.google.com/?gws_rd=ssl#q=data+science+skills,1
data science skills,hacker  programmer subculture,https://www.google.com/?gws_rd=ssl#q=data+science+skills,1
data science skills,hadoop   developing applications using java,https://www.google.com/?gws_rd=ssl#q=data+science+skills,1
data science skills,hal varian google e     s chief economist thinks i am sexy,https://www.google.com/?gws_rd=ssl#q=data+science+skills,1
data science skills,happy pi day,https://www.google.com/?gws_rd=ssl#q=data+science+skills,1
data science skills,hardware architectures,https://www.google.com/?gws_rd=ssl#q=data+science+skills,1
data science skills,hds,https://www.google.com/?gws_rd=ssl#q=data+science+skills,1
data science skills,hds introduces version     hitachi content platform,https://www.google.com/?gws_rd=ssl#q=data+science+skills,1
data science skills,health care,https://www.google.com/?gws_rd=ssl#q=data+science+skills,1
data science skills,health informatics,https://www.google.com/?gws_rd=ssl#q=data+science+skills,1
data science skills,high memory ge of content deployer and content discovery services,https://www.google.com/?gws_rd=ssl#q=data+science+skills,1
data science skills,horton,https://www.google.com/?gws_rd=ssl#q=data+science+skills,1
data science skills,horton announces strong momentum,https://www.google.com/?gws_rd=ssl#q=data+science+skills,1
data science skills,horton splits core hadoop from extended services,https://www.google.com/?gws_rd=ssl#q=data+science+skills,1
data science skills,hp,https://www.google.com/?gws_rd=ssl#q=data+science+skills,1
data science skills,hpc for wall street clouata centers s conference,https://www.google.com/?gws_rd=ssl#q=data+science+skills,1
data science skills,hpcc systems,https://www.google.com/?gws_rd=ssl#q=data+science+skills,1
data science skills,hpe n ondemand x,https://www.google.com/?gws_rd=ssl#q=data+science+skills,1
data science skills,ibm,https://www.google.com/?gws_rd=ssl#q=data+science+skills,1
data science skills,ibm introduces quarks,https://www.google.com/?gws_rd=ssl#q=data+science+skills,1
data science skills,ibm named leader  magic quadrant data warehouse data management solutions analytics,https://www.google.com/?gws_rd=ssl#q=data+science+skills,1
data science skills,ibm quarks iot analytics x,https://www.google.com/?gws_rd=ssl#q=data+science+skills,1
data science skills,ieee top   x,https://www.google.com/?gws_rd=ssl#q=data+science+skills,1
data science skills,impetus,https://www.google.com/?gws_rd=ssl#q=data+science+skills,1
data science skills,imprint,https://www.google.com/?gws_rd=ssl#q=data+science+skills,1
data science skills,industry,https://www.google.com/?gws_rd=ssl#q=data+science+skills,1
data science skills,infogix data analysis capabilities now support big data environments,https://www.google.com/?gws_rd=ssl#q=data+science+skills,1
data science skills,information security,https://www.google.com/?gws_rd=ssl#q=data+science+skills,1
data science skills,information systems,https://www.google.com/?gws_rd=ssl#q=data+science+skills,1
data science skills,infrastructure as a service,https://www.google.com/?gws_rd=ssl#q=data+science+skills,1
data science skills,insurance,https://www.google.com/?gws_rd=ssl#q=data+science+skills,1
data science skills,internet,https://www.google.com/?gws_rd=ssl#q=data+science+skills,1
data science skills,interop,https://www.google.com/?gws_rd=ssl#q=data+science+skills,1
data science skills,is   beginning of end for big data,https://www.google.com/?gws_rd=ssl#q=data+science+skills,1
data science skills,is this really an image of sunan artists conception,https://www.google.com/?gws_rd=ssl#q=data+science+skills,1
data science skills,isc,https://www.google.com/?gws_rd=ssl#q=data+science+skills,1
data science skills,it life,https://www.google.com/?gws_rd=ssl#q=data+science+skills,1
data science skills,it strategy,https://www.google.com/?gws_rd=ssl#q=data+science+skills,1
data science skills,iw,https://www.google.com/?gws_rd=ssl#q=data+science+skills,1
data science skills,iw  s,https://www.google.com/?gws_rd=ssl#q=data+science+skills,1
data science skills,java,https://www.google.com/?gws_rd=ssl#q=data+science+skills,1
data science skills,java   x,https://www.google.com/?gws_rd=ssl#q=data+science+skills,1
data science skills,java x,https://www.google.com/?gws_rd=ssl#q=data+science+skills,1
data science skills,jersoft,https://www.google.com/?gws_rd=ssl#q=data+science+skills,1
data science skills,jessicadavis,https://www.google.com/?gws_rd=ssl#q=data+science+skills,1
data science skills,job bank,https://www.google.com/?gws_rd=ssl#q=data+science+skills,1
data science skills,job postings,https://www.google.com/?gws_rd=ssl#q=data+science+skills,1
data science skills,job s,https://www.google.com/?gws_rd=ssl#q=data+science+skills,1
data science skills,jobs and s in,https://www.google.com/?gws_rd=ssl#q=data+science+skills,1
data science skills,judaism,https://www.google.com/?gws_rd=ssl#q=data+science+skills,1
data science skills,karmhere,https://www.google.com/?gws_rd=ssl#q=data+science+skills,1
data science skills,klogic,https://www.google.com/?gws_rd=ssl#q=data+science+skills,1
data science skills,kyvos insights,https://www.google.com/?gws_rd=ssl#q=data+science+skills,1
data science skills,languages for crunching data,https://www.google.com/?gws_rd=ssl#q=data+science+skills,1
data science skills,leadership program,https://www.google.com/?gws_rd=ssl#q=data+science+skills,1
data science skills,lee se dol alphago es so far,https://www.google.com/?gws_rd=ssl#q=data+science+skills,1
data science skills,lewis university online  of science in,https://www.google.com/?gws_rd=ssl#q=data+science+skills,1
data science skills,linear algebra,https://www.google.com/?gws_rd=ssl#q=data+science+skills,1
data science skills,linkedin,https://www.google.com/?gws_rd=ssl#q=data+science+skills,1
data science skills,linoleum cutting,https://www.google.com/?gws_rd=ssl#q=data+science+skills,1
data science skills,machine learning  to,https://www.google.com/?gws_rd=ssl#q=data+science+skills,1
data science skills,machine learning python,https://www.google.com/?gws_rd=ssl#q=data+science+skills,1
data science skills,machine learning software,https://www.google.com/?gws_rd=ssl#q=data+science+skills,1
data science skills,mapr,https://www.google.com/?gws_rd=ssl#q=data+science+skills,1
data science skills,mapr expands leadership team,https://www.google.com/?gws_rd=ssl#q=data+science+skills,1
data science skills,mapr joins growing  targeting u s big data,https://www.google.com/?gws_rd=ssl#q=data+science+skills,1
data science skills,marketing analyst,https://www.google.com/?gws_rd=ssl#q=data+science+skills,1
data science skills,math,https://www.google.com/?gws_rd=ssl#q=data+science+skills,1
data science skills,mathematica,https://www.google.com/?gws_rd=ssl#q=data+science+skills,1
data science skills,mathovernet,https://www.google.com/?gws_rd=ssl#q=data+science+skills,1
data science skills,matlab,https://www.google.com/?gws_rd=ssl#q=data+science+skills,1
data science skills,mba,https://www.google.com/?gws_rd=ssl#q=data+science+skills,1
data science skills,mediakit,https://www.google.com/?gws_rd=ssl#q=data+science+skills,1
data science skills,meet alluxio distributed file system formerly n as tachyon,https://www.google.com/?gws_rd=ssl#q=data+science+skills,1
data science skills,melissadata data quality approaches creating golden record x,https://www.google.com/?gws_rd=ssl#q=data+science+skills,1
data science skills,mellanox,https://www.google.com/?gws_rd=ssl#q=data+science+skills,1
data science skills,mellanox and advancement of machine learning,https://www.google.com/?gws_rd=ssl#q=data+science+skills,1
data science skills,microsoft,https://www.google.com/?gws_rd=ssl#q=data+science+skills,1
data science skills,microstrategy,https://www.google.com/?gws_rd=ssl#q=data+science+skills,1
data science skills,middleware,https://www.google.com/?gws_rd=ssl#q=data+science+skills,1
data science skills,mit,https://www.google.com/?gws_rd=ssl#q=data+science+skills,1
data science skills,mobile applications,https://www.google.com/?gws_rd=ssl#q=data+science+skills,1
data science skills,mobile business,https://www.google.com/?gws_rd=ssl#q=data+science+skills,1
data science skills,mobile devices,https://www.google.com/?gws_rd=ssl#q=data+science+skills,1
data science skills,mobile security,https://www.google.com/?gws_rd=ssl#q=data+science+skills,1
data science skills,mobile x,https://www.google.com/?gws_rd=ssl#q=data+science+skills,1
data science skills,mongodb launches partner advisory council,https://www.google.com/?gws_rd=ssl#q=data+science+skills,1
data science skills,mooc,https://www.google.com/?gws_rd=ssl#q=data+science+skills,1
data science skills,movies,https://www.google.com/?gws_rd=ssl#q=data+science+skills,1
data science skills,nanodegree,https://www.google.com/?gws_rd=ssl#q=data+science+skills,1
data science skills,net security,https://www.google.com/?gws_rd=ssl#q=data+science+skills,1
data science skills,net x,https://www.google.com/?gws_rd=ssl#q=data+science+skills,1
data science skills,netapp,https://www.google.com/?gws_rd=ssl#q=data+science+skills,1
data science skills,network  e  jpg,https://www.google.com/?gws_rd=ssl#q=data+science+skills,1
data science skills,network perimeter security,https://www.google.com/?gws_rd=ssl#q=data+science+skills,1
data science skills,networking,https://www.google.com/?gws_rd=ssl#q=data+science+skills,1
data science skills,new hive release x,https://www.google.com/?gws_rd=ssl#q=data+science+skills,1
data science skills,new release apache kafka available cloudera enterprise,https://www.google.com/?gws_rd=ssl#q=data+science+skills,1
data science skills,new s  r python data visualization,https://www.google.com/?gws_rd=ssl#q=data+science+skills,1
data science skills,nosql,https://www.google.com/?gws_rd=ssl#q=data+science+skills,1
data science skills,numascale,https://www.google.com/?gws_rd=ssl#q=data+science+skills,1
data science skills,nvidia,https://www.google.com/?gws_rd=ssl#q=data+science+skills,1
data science skills,objectivity joins horton certified technology program,https://www.google.com/?gws_rd=ssl#q=data+science+skills,1
data science skills,of coolest tech developments in,https://www.google.com/?gws_rd=ssl#q=data+science+skills,1
data science skills,online big data s ra png,https://www.google.com/?gws_rd=ssl#q=data+science+skills,1
data science skills,onlineeducation  jpg,https://www.google.com/?gws_rd=ssl#q=data+science+skills,1
data science skills,open  ch webinar,https://www.google.com/?gws_rd=ssl#q=data+science+skills,1
data science skills,open data graphdb,https://www.google.com/?gws_rd=ssl#q=data+science+skills,1
data science skills,open source x,https://www.google.com/?gws_rd=ssl#q=data+science+skills,1
data science skills,opentext,https://www.google.com/?gws_rd=ssl#q=data+science+skills,1
data science skills,operating systems,https://www.google.com/?gws_rd=ssl#q=data+science+skills,1
data science skills,operational analytics,https://www.google.com/?gws_rd=ssl#q=data+science+skills,1
data science skills,operations,https://www.google.com/?gws_rd=ssl#q=data+science+skills,1
data science skills,oracle,https://www.google.com/?gws_rd=ssl#q=data+science+skills,1
data science skills,other,https://www.google.com/?gws_rd=ssl#q=data+science+skills,1
data science skills,packt skill survey x,https://www.google.com/?gws_rd=ssl#q=data+science+skills,1
data science skills,panasas,https://www.google.com/?gws_rd=ssl#q=data+science+skills,1
data science skills,paraccel,https://www.google.com/?gws_rd=ssl#q=data+science+skills,1
data science skills,pcs servers,https://www.google.com/?gws_rd=ssl#q=data+science+skills,1
data science skills,penn state ms data analytics,https://www.google.com/?gws_rd=ssl#q=data+science+skills,1
data science skills,pentaho,https://www.google.com/?gws_rd=ssl#q=data+science+skills,1
data science skills,pervasive software,https://www.google.com/?gws_rd=ssl#q=data+science+skills,1
data science skills,pharmaceuticals,https://www.google.com/?gws_rd=ssl#q=data+science+skills,1
data science skills,photo,https://www.google.com/?gws_rd=ssl#q=data+science+skills,1
data science skills,physics,https://www.google.com/?gws_rd=ssl#q=data+science+skills,1
data science skills,platform as a service,https://www.google.com/?gws_rd=ssl#q=data+science+skills,1
data science skills,platform computing,https://www.google.com/?gws_rd=ssl#q=data+science+skills,1
data science skills,platypdata analyst,https://www.google.com/?gws_rd=ssl#q=data+science+skills,1
data science skills,png,https://www.google.com/?gws_rd=ssl#q=data+science+skills,1
data science skills,point,https://www.google.com/?gws_rd=ssl#q=data+science+skills,1
data science skills,positions memsql visionaries quadrant data warehouse management solutions analytics,https://www.google.com/?gws_rd=ssl#q=data+science+skills,1
data science skills,practical tools hadley wickham pdf,https://www.google.com/?gws_rd=ssl#q=data+science+skills,1
data science skills,predictive analytics,https://www.google.com/?gws_rd=ssl#q=data+science+skills,1
data science skills,predictive analytics for business,https://www.google.com/?gws_rd=ssl#q=data+science+skills,1
data science skills,predictive modeling software  practice,https://www.google.com/?gws_rd=ssl#q=data+science+skills,1
data science skills,predicts   key trends  enterprise architecture x,https://www.google.com/?gws_rd=ssl#q=data+science+skills,1
data science skills,press,https://www.google.com/?gws_rd=ssl#q=data+science+skills,1
data science skills,problems doing drawing in tikz,https://www.google.com/?gws_rd=ssl#q=data+science+skills,1
data science skills,process,https://www.google.com/?gws_rd=ssl#q=data+science+skills,1
data science skills,processors,https://www.google.com/?gws_rd=ssl#q=data+science+skills,1
data science skills,productivity collaboration apps,https://www.google.com/?gws_rd=ssl#q=data+science+skills,1
data science skills,programmers,https://www.google.com/?gws_rd=ssl#q=data+science+skills,1
data science skills,programming languages,https://www.google.com/?gws_rd=ssl#q=data+science+skills,1
data science skills,progress  case study business rules x,https://www.google.com/?gws_rd=ssl#q=data+science+skills,1
data science skills,project management,https://www.google.com/?gws_rd=ssl#q=data+science+skills,1
data science skills,prop coins  to get many coins for little real life,https://www.google.com/?gws_rd=ssl#q=data+science+skills,1
data science skills,psychology,https://www.google.com/?gws_rd=ssl#q=data+science+skills,1
data science skills,puzzle,https://www.google.com/?gws_rd=ssl#q=data+science+skills,1
data science skills,qgis what is difference between heatmaps and interpolation plugins,https://www.google.com/?gws_rd=ssl#q=data+science+skills,1
data science skills,quantitative analyst,https://www.google.com/?gws_rd=ssl#q=data+science+skills,1
data science skills,quants   process,https://www.google.com/?gws_rd=ssl#q=data+science+skills,1
data science skills,r  programming language,https://www.google.com/?gws_rd=ssl#q=data+science+skills,1
data science skills,r hadoop  machine learning  one,https://www.google.com/?gws_rd=ssl#q=data+science+skills,1
data science skills,r novice inflammation,https://www.google.com/?gws_rd=ssl#q=data+science+skills,1
data science skills,ra,https://www.google.com/?gws_rd=ssl#q=data+science+skills,1
data science skills,reads,https://www.google.com/?gws_rd=ssl#q=data+science+skills,1
data science skills,red hat,https://www.google.com/?gws_rd=ssl#q=data+science+skills,1
data science skills,remove objects data from pace,https://www.google.com/?gws_rd=ssl#q=data+science+skills,1
data science skills,replace a value in a data frame based on a conditional if statement in r,https://www.google.com/?gws_rd=ssl#q=data+science+skills,1
data science skills,reprints,https://www.google.com/?gws_rd=ssl#q=data+science+skills,1
data science skills,research analytics,https://www.google.com/?gws_rd=ssl#q=data+science+skills,1
data science skills,revolution analytics,https://www.google.com/?gws_rd=ssl#q=data+science+skills,1
data science skills,risk management,https://www.google.com/?gws_rd=ssl#q=data+science+skills,1
data science skills,rpg,https://www.google.com/?gws_rd=ssl#q=data+science+skills,1
data science skills,rss  x,https://www.google.com/?gws_rd=ssl#q=data+science+skills,1
data science skills,safe location for s in rc beams,https://www.google.com/?gws_rd=ssl#q=data+science+skills,1
data science skills,saint josephs ms business intelligence analytics,https://www.google.com/?gws_rd=ssl#q=data+science+skills,1
data science skills,salesforce,https://www.google.com/?gws_rd=ssl#q=data+science+skills,1
data science skills,sap,https://www.google.com/?gws_rd=ssl#q=data+science+skills,1
data science skills,sap hana vora now available,https://www.google.com/?gws_rd=ssl#q=data+science+skills,1
data science skills,sas,https://www.google.com/?gws_rd=ssl#q=data+science+skills,1
data science skills,sas  for,https://www.google.com/?gws_rd=ssl#q=data+science+skills,1
data science skills,sas  software,https://www.google.com/?gws_rd=ssl#q=data+science+skills,1
data science skills,scalemp,https://www.google.com/?gws_rd=ssl#q=data+science+skills,1
data science skills,scaleout software,https://www.google.com/?gws_rd=ssl#q=data+science+skills,1
data science skills,science,https://www.google.com/?gws_rd=ssl#q=data+science+skills,1
data science skills,scifi,https://www.google.com/?gws_rd=ssl#q=data+science+skills,1
data science skills,security,https://www.google.com/?gws_rd=ssl#q=data+science+skills,1
data science skills,security analytics,https://www.google.com/?gws_rd=ssl#q=data+science+skills,1
data science skills,security concerns grow as big data moves to cloud,https://www.google.com/?gws_rd=ssl#q=data+science+skills,1
data science skills,security x,https://www.google.com/?gws_rd=ssl#q=data+science+skills,1
data science skills,seek big data leverage  machine learning,https://www.google.com/?gws_rd=ssl#q=data+science+skills,1
data science skills,selecting only numeric columns from a data frame,https://www.google.com/?gws_rd=ssl#q=data+science+skills,1
data science skills,serverfault,https://www.google.com/?gws_rd=ssl#q=data+science+skills,1
data science skills,setting up a new ows machine,https://www.google.com/?gws_rd=ssl#q=data+science+skills,1
data science skills,sexiestof  st century,https://www.google.com/?gws_rd=ssl#q=data+science+skills,1
data science skills,sexy data geeks,https://www.google.com/?gws_rd=ssl#q=data+science+skills,1
data science skills,sgi,https://www.google.com/?gws_rd=ssl#q=data+science+skills,1
data science skills,shutterstock data cleaning tunedin by westend  jpg,https://www.google.com/?gws_rd=ssl#q=data+science+skills,1
data science skills,simba technologies,https://www.google.com/?gws_rd=ssl#q=data+science+skills,1
data science skills,singular value decomposition,https://www.google.com/?gws_rd=ssl#q=data+science+skills,1
data science skills,sitemap xml,https://www.google.com/?gws_rd=ssl#q=data+science+skills,1
data science skills,six big name   big data,https://www.google.com/?gws_rd=ssl#q=data+science+skills,1
data science skills,skeptics,https://www.google.com/?gws_rd=ssl#q=data+science+skills,1
data science skills,software as a service,https://www.google.com/?gws_rd=ssl#q=data+science+skills,1
data science skills,software defined storage takes big data gets bigger,https://www.google.com/?gws_rd=ssl#q=data+science+skills,1
data science skills,software plat,https://www.google.com/?gws_rd=ssl#q=data+science+skills,1
data science skills,solarflare,https://www.google.com/?gws_rd=ssl#q=data+science+skills,1
data science skills,solr elasticsearch question,https://www.google.com/?gws_rd=ssl#q=data+science+skills,1
data science skills,sp msbi,https://www.google.com/?gws_rd=ssl#q=data+science+skills,1
data science skills,spark     to introduce new structured streaming engine,https://www.google.com/?gws_rd=ssl#q=data+science+skills,1
data science skills,spectralogic,https://www.google.com/?gws_rd=ssl#q=data+science+skills,1
data science skills,spotlight  proofing real time streaming analytics,https://www.google.com/?gws_rd=ssl#q=data+science+skills,1
data science skills,spring strata   coverage,https://www.google.com/?gws_rd=ssl#q=data+science+skills,1
data science skills,sql on hadoop test each engine has sweet spots,https://www.google.com/?gws_rd=ssl#q=data+science+skills,1
data science skills,sql server   x,https://www.google.com/?gws_rd=ssl#q=data+science+skills,1
data science skills,stable,https://www.google.com/?gws_rd=ssl#q=data+science+skills,1
data science skills,stackapps,https://www.google.com/?gws_rd=ssl#q=data+science+skills,1
data science skills,stackiq,https://www.google.com/?gws_rd=ssl#q=data+science+skills,1
data science skills,state of,https://www.google.com/?gws_rd=ssl#q=data+science+skills,1
data science skills,state university online ms in business analytics,https://www.google.com/?gws_rd=ssl#q=data+science+skills,1
data science skills,statistical methods for data where only a minimum maximum value is n,https://www.google.com/?gws_rd=ssl#q=data+science+skills,1
data science skills,statistician,https://www.google.com/?gws_rd=ssl#q=data+science+skills,1
data science skills,stats,https://www.google.com/?gws_rd=ssl#q=data+science+skills,1
data science skills,strata hadoop san jose,https://www.google.com/?gws_rd=ssl#q=data+science+skills,1
data science skills,strategic cio,https://www.google.com/?gws_rd=ssl#q=data+science+skills,1
data science skills,strategiccio,https://www.google.com/?gws_rd=ssl#q=data+science+skills,1
data science skills,streamsets data collector certified mapr convergeata platform,https://www.google.com/?gws_rd=ssl#q=data+science+skills,1
data science skills,striim closes additional  m funding,https://www.google.com/?gws_rd=ssl#q=data+science+skills,1
data science skills,success,https://www.google.com/?gws_rd=ssl#q=data+science+skills,1
data science skills,superuser,https://www.google.com/?gws_rd=ssl#q=data+science+skills,1
data science skills,survey quants communication,https://www.google.com/?gws_rd=ssl#q=data+science+skills,1
data science skills,sybase,https://www.google.com/?gws_rd=ssl#q=data+science+skills,1
data science skills,syncsort announces new capabilities ironstream,https://www.google.com/?gws_rd=ssl#q=data+science+skills,1
data science skills,syracuse university  in,https://www.google.com/?gws_rd=ssl#q=data+science+skills,1
data science skills,systems,https://www.google.com/?gws_rd=ssl#q=data+science+skills,1
data science skills,tableau acquires hyper,https://www.google.com/?gws_rd=ssl#q=data+science+skills,1
data science skills,tags,https://www.google.com/?gws_rd=ssl#q=data+science+skills,1
data science skills,talend,https://www.google.com/?gws_rd=ssl#q=data+science+skills,1
data science skills,talend unveils cloud offering automate big data integration aws environments,https://www.google.com/?gws_rd=ssl#q=data+science+skills,1
data science skills,teaching algorithmic thinking,https://www.google.com/?gws_rd=ssl#q=data+science+skills,1
data science skills,team building and staffing,https://www.google.com/?gws_rd=ssl#q=data+science+skills,1
data science skills,tech,https://www.google.com/?gws_rd=ssl#q=data+science+skills,1
data science skills,technical service and support,https://www.google.com/?gws_rd=ssl#q=data+science+skills,1
data science skills,telecom,https://www.google.com/?gws_rd=ssl#q=data+science+skills,1
data science skills,telerik  net mvc changes developers should  x,https://www.google.com/?gws_rd=ssl#q=data+science+skills,1
data science skills,teradata,https://www.google.com/?gws_rd=ssl#q=data+science+skills,1
data science skills,terms,https://www.google.com/?gws_rd=ssl#q=data+science+skills,1
data science skills,terms of service,https://www.google.com/?gws_rd=ssl#q=data+science+skills,1
data science skills,termsofuse,https://www.google.com/?gws_rd=ssl#q=data+science+skills,1
data science skills,tex,https://www.google.com/?gws_rd=ssl#q=data+science+skills,1
data science skills,threat intelligence,https://www.google.com/?gws_rd=ssl#q=data+science+skills,1
data science skills,tibco,https://www.google.com/?gws_rd=ssl#q=data+science+skills,1
data science skills,tibco enhances spotfire,https://www.google.com/?gws_rd=ssl#q=data+science+skills,1
data science skills,tibco unveils mdm,https://www.google.com/?gws_rd=ssl#q=data+science+skills,1
data science skills,tic tac toe c,https://www.google.com/?gws_rd=ssl#q=data+science+skills,1
data science skills,tma predictive analytics data mining  dc,https://www.google.com/?gws_rd=ssl#q=data+science+skills,1
data science skills,to  a,https://www.google.com/?gws_rd=ssl#q=data+science+skills,1
data science skills,to  a  jpg,https://www.google.com/?gws_rd=ssl#q=data+science+skills,1
data science skills,to convert a table to a data frame in r,https://www.google.com/?gws_rd=ssl#q=data+science+skills,1
data science skills,to join merge data frames inner outer left right,https://www.google.com/?gws_rd=ssl#q=data+science+skills,1
data science skills,to print to paper a nicely formatteata frame,https://www.google.com/?gws_rd=ssl#q=data+science+skills,1
data science skills,to succinctly write a formula  many variables from a data frame,https://www.google.com/?gws_rd=ssl#q=data+science+skills,1
data science skills,top,https://www.google.com/?gws_rd=ssl#q=data+science+skills,1
data science skills,top     and  to  galxql gif,https://www.google.com/?gws_rd=ssl#q=data+science+skills,1
data science skills,top     and  to  hadoop  jpg,https://www.google.com/?gws_rd=ssl#q=data+science+skills,1
data science skills,top     and  to  mit matlab jpg,https://www.google.com/?gws_rd=ssl#q=data+science+skills,1
data science skills,top     and  to  r ra jpg,https://www.google.com/?gws_rd=ssl#q=data+science+skills,1
data science skills,top    s,https://www.google.com/?gws_rd=ssl#q=data+science+skills,1
data science skills,top  offering a s  in,https://www.google.com/?gws_rd=ssl#q=data+science+skills,1
data science skills,top news,https://www.google.com/?gws_rd=ssl#q=data+science+skills,1
data science skills,travel,https://www.google.com/?gws_rd=ssl#q=data+science+skills,1
data science skills,travel and transportation,https://www.google.com/?gws_rd=ssl#q=data+science+skills,1
data science skills,uber uses and hadoop to optimize customer experience,https://www.google.com/?gws_rd=ssl#q=data+science+skills,1
data science skills,uc irvine  in,https://www.google.com/?gws_rd=ssl#q=data+science+skills,1
data science skills,udacityultimateskillcheckforfirstdataanalystjob pdf,https://www.google.com/?gws_rd=ssl#q=data+science+skills,1
data science skills,umuc online ms in data analytics,https://www.google.com/?gws_rd=ssl#q=data+science+skills,1
data science skills,unified communications,https://www.google.com/?gws_rd=ssl#q=data+science+skills,1
data science skills,unix,https://www.google.com/?gws_rd=ssl#q=data+science+skills,1
data science skills,users,https://www.google.com/?gws_rd=ssl#q=data+science+skills,1
data science skills,utilities,https://www.google.com/?gws_rd=ssl#q=data+science+skills,1
data science skills,ux,https://www.google.com/?gws_rd=ssl#q=data+science+skills,1
data science skills,venn diagram,https://www.google.com/?gws_rd=ssl#q=data+science+skills,1
data science skills,versant,https://www.google.com/?gws_rd=ssl#q=data+science+skills,1
data science skills,veterans,https://www.google.com/?gws_rd=ssl#q=data+science+skills,1
data science skills,video symposiums,https://www.google.com/?gws_rd=ssl#q=data+science+skills,1
data science skills,videos,https://www.google.com/?gws_rd=ssl#q=data+science+skills,1
data science skills,virginia ms,https://www.google.com/?gws_rd=ssl#q=data+science+skills,1
data science skills,visionmobile survey x,https://www.google.com/?gws_rd=ssl#q=data+science+skills,1
data science skills,visualization,https://www.google.com/?gws_rd=ssl#q=data+science+skills,1
data science skills,vulnerabilities threats,https://www.google.com/?gws_rd=ssl#q=data+science+skills,1
data science skills,was kylo rens lightsaber activated by character that it then killed,https://www.google.com/?gws_rd=ssl#q=data+science+skills,1
data science skills,ways to spot a fake,https://www.google.com/?gws_rd=ssl#q=data+science+skills,1
data science skills,web dev x,https://www.google.com/?gws_rd=ssl#q=data+science+skills,1
data science skills,webapps,https://www.google.com/?gws_rd=ssl#q=data+science+skills,1
data science skills,webinar s,https://www.google.com/?gws_rd=ssl#q=data+science+skills,1
data science skills,webinar upcoming,https://www.google.com/?gws_rd=ssl#q=data+science+skills,1
data science skills,webs,https://www.google.com/?gws_rd=ssl#q=data+science+skills,1
data science skills,were people in wall e illiterate,https://www.google.com/?gws_rd=ssl#q=data+science+skills,1
data science skills,what    mean for,https://www.google.com/?gws_rd=ssl#q=data+science+skills,1
data science skills,what   c mean in this poster,https://www.google.com/?gws_rd=ssl#q=data+science+skills,1
data science skills,what   employers want now,https://www.google.com/?gws_rd=ssl#q=data+science+skills,1
data science skills,what  are d to  a  at square,https://www.google.com/?gws_rd=ssl#q=data+science+skills,1
data science skills,what  do i to be a  at quora,https://www.google.com/?gws_rd=ssl#q=data+science+skills,1
data science skills,what  shoulata scientists  in,https://www.google.com/?gws_rd=ssl#q=data+science+skills,1
data science skills,what are differences between a research paper and a patent,https://www.google.com/?gws_rd=ssl#q=data+science+skills,1
data science skills,what are roles and responsibilities of a  and why term scientist,https://www.google.com/?gws_rd=ssl#q=data+science+skills,1
data science skills,what are some of software engineering principles   should   do,https://www.google.com/?gws_rd=ssl#q=data+science+skills,1
data science skills,what design thinking means for data analytics,https://www.google.com/?gws_rd=ssl#q=data+science+skills,1
data science skills,what happens if a clan leader abuses their power,https://www.google.com/?gws_rd=ssl#q=data+science+skills,1
data science skills,what informaticas buyout means to big data integration,https://www.google.com/?gws_rd=ssl#q=data+science+skills,1
data science skills,what is a way to manage paths to local files outside a git repository out cl,https://www.google.com/?gws_rd=ssl#q=data+science+skills,1
data science skills,what is most valuable skill a person can  for their entire life,https://www.google.com/?gws_rd=ssl#q=data+science+skills,1
data science skills,what statistics should a programmercomputer scientist,https://www.google.com/?gws_rd=ssl#q=data+science+skills,1
data science skills,what to,https://www.google.com/?gws_rd=ssl#q=data+science+skills,1
data science skills,which are most exciting big data  in europe,https://www.google.com/?gws_rd=ssl#q=data+science+skills,1
data science skills,why  dropped big data off hype curve,https://www.google.com/?gws_rd=ssl#q=data+science+skills,1
data science skills,why do cars  mirrors for rear view rather than cameras,https://www.google.com/?gws_rd=ssl#q=data+science+skills,1
data science skills,why do people use   pa   setting port,https://www.google.com/?gws_rd=ssl#q=data+science+skills,1
data science skills,why do sorcerers not  access to some spells that wizards can cast,https://www.google.com/?gws_rd=ssl#q=data+science+skills,1
data science skills,why is proving so valuable for  in enterprise,https://www.google.com/?gws_rd=ssl#q=data+science+skills,1
data science skills,wireless infrastructure,https://www.google.com/?gws_rd=ssl#q=data+science+skills,1
data science skills,women in,https://www.google.com/?gws_rd=ssl#q=data+science+skills,1
data science skills,wordpress,https://www.google.com/?gws_rd=ssl#q=data+science+skills,1
data science skills,xyratex,https://www.google.com/?gws_rd=ssl#q=data+science+skills,1
data science skills,zaloni raises    m series financing,https://www.google.com/?gws_rd=ssl#q=data+science+skills,1
data science skills,zdku,https://www.google.com/?gws_rd=ssl#q=data+science+skills,1
data science skills,zettaset,https://www.google.com/?gws_rd=ssl#q=data+science+skills,1
data science skills,zjh f,https://www.google.com/?gws_rd=ssl#q=data+science+skills,1
data science skills,zoomdata launches federal program big data visual analytics,https://www.google.com/?gws_rd=ssl#q=data+science+skills,1
data science skills,zrtah,https://www.google.com/?gws_rd=ssl#q=data+science+skills,1
